solution_id,SOURCE_ID,classprob_dsc_combmod_quasar,classprob_dsc_combmod_galaxy,classprob_dsc_combmod_star,classprob_dsc_combmod_whitedwarf,classprob_dsc_combmod_binarystar,classprob_dsc_specmod_quasar,classprob_dsc_specmod_galaxy,classprob_dsc_specmod_star,classprob_dsc_specmod_whitedwarf,classprob_dsc_specmod_binarystar,classprob_dsc_allosmod_quasar,classprob_dsc_allosmod_galaxy,classprob_dsc_allosmod_star,teff_gspphot,teff_gspphot_lower,teff_gspphot_upper,logg_gspphot,logg_gspphot_lower,logg_gspphot_upper,mh_gspphot,mh_gspphot_lower,mh_gspphot_upper,distance_gspphot,distance_gspphot_lower,distance_gspphot_upper,azero_gspphot,azero_gspphot_lower,azero_gspphot_upper,ag_gspphot,ag_gspphot_lower,ag_gspphot_upper,abp_gspphot,abp_gspphot_lower,abp_gspphot_upper,arp_gspphot,arp_gspphot_lower,arp_gspphot_upper,ebpminrp_gspphot,ebpminrp_gspphot_lower,ebpminrp_gspphot_upper,mg_gspphot,mg_gspphot_lower,mg_gspphot_upper,radius_gspphot,radius_gspphot_lower,radius_gspphot_upper,logposterior_gspphot,mcmcaccept_gspphot,libname_gspphot,teff_gspspec,teff_gspspec_lower,teff_gspspec_upper,logg_gspspec,logg_gspspec_lower,logg_gspspec_upper,mh_gspspec,mh_gspspec_lower,mh_gspspec_upper,alphafe_gspspec,alphafe_gspspec_lower,alphafe_gspspec_upper,fem_gspspec,fem_gspspec_lower,fem_gspspec_upper,fem_gspspec_nlines,fem_gspspec_linescatter,sife_gspspec,sife_gspspec_lower,sife_gspspec_upper,sife_gspspec_nlines,sife_gspspec_linescatter,cafe_gspspec,cafe_gspspec_lower,cafe_gspspec_upper,cafe_gspspec_nlines,cafe_gspspec_linescatter,tife_gspspec,tife_gspspec_lower,tife_gspspec_upper,tife_gspspec_nlines,tife_gspspec_linescatter,mgfe_gspspec,mgfe_gspspec_lower,mgfe_gspspec_upper,mgfe_gspspec_nlines,mgfe_gspspec_linescatter,ndfe_gspspec,ndfe_gspspec_lower,ndfe_gspspec_upper,ndfe_gspspec_nlines,ndfe_gspspec_linescatter,feiim_gspspec,feiim_gspspec_lower,feiim_gspspec_upper,feiim_gspspec_nlines,feiim_gspspec_linescatter,sfe_gspspec,sfe_gspspec_lower,sfe_gspspec_upper,sfe_gspspec_nlines,sfe_gspspec_linescatter,zrfe_gspspec,zrfe_gspspec_lower,zrfe_gspspec_upper,zrfe_gspspec_nlines,zrfe_gspspec_linescatter,nfe_gspspec,nfe_gspspec_lower,nfe_gspspec_upper,nfe_gspspec_nlines,nfe_gspspec_linescatter,crfe_gspspec,crfe_gspspec_lower,crfe_gspspec_upper,crfe_gspspec_nlines,crfe_gspspec_linescatter,cefe_gspspec,cefe_gspspec_lower,cefe_gspspec_upper,cefe_gspspec_nlines,cefe_gspspec_linescatter,nife_gspspec,nife_gspspec_lower,nife_gspspec_upper,nife_gspspec_nlines,nife_gspspec_linescatter,cn0ew_gspspec,cn0ew_gspspec_uncertainty,cn0_gspspec_centralline,cn0_gspspec_width,dib_gspspec_lambda,dib_gspspec_lambda_uncertainty,dibew_gspspec,dibew_gspspec_uncertainty,dibewnoise_gspspec_uncertainty,dibp0_gspspec,dibp2_gspspec,dibp2_gspspec_uncertainty,dibqf_gspspec,flags_gspspec,logchisq_gspspec,ew_espels_halpha,ew_espels_halpha_uncertainty,ew_espels_halpha_flag,ew_espels_halpha_model,classlabel_espels,classlabel_espels_flag,classprob_espels_wcstar,classprob_espels_wnstar,classprob_espels_bestar,classprob_espels_ttauristar,classprob_espels_herbigstar,classprob_espels_dmestar,classprob_espels_pne,azero_esphs,azero_esphs_uncertainty,ag_esphs,ag_esphs_uncertainty,ebpminrp_esphs,ebpminrp_esphs_uncertainty,teff_esphs,teff_esphs_uncertainty,logg_esphs,logg_esphs_uncertainty,vsini_esphs,vsini_esphs_uncertainty,flags_esphs,spectraltype_esphs,activityindex_espcs,activityindex_espcs_uncertainty,activityindex_espcs_input,teff_espucd,teff_espucd_uncertainty,flags_espucd,radius_flame,radius_flame_lower,radius_flame_upper,lum_flame,lum_flame_lower,lum_flame_upper,mass_flame,mass_flame_lower,mass_flame_upper,age_flame,age_flame_lower,age_flame_upper,flags_flame,evolstage_flame,gravredshift_flame,gravredshift_flame_lower,gravredshift_flame_upper,bc_flame,mh_msc,mh_msc_upper,mh_msc_lower,azero_msc,azero_msc_upper,azero_msc_lower,distance_msc,distance_msc_upper,distance_msc_lower,teff_msc1,teff_msc1_upper,teff_msc1_lower,teff_msc2,teff_msc2_upper,teff_msc2_lower,logg_msc1,logg_msc1_upper,logg_msc1_lower,logg_msc2,logg_msc2_upper,logg_msc2_lower,ag_msc,ag_msc_upper,ag_msc_lower,logposterior_msc,mcmcaccept_msc,mcmcdrift_msc,flags_msc,neuron_oa_id,neuron_oa_dist,neuron_oa_dist_percentile_rank,flags_oa
1636148068921376768,5877085299147057152,1.0202781e-13,5.0962386e-13,0.99999946,2.0026804e-12,5.423469e-07,0.0,0.0,0.99994576,0.0,5.4223317e-05,2.029351e-24,1.8174197e-15,1.0,7306.497,7206.8525,7325.3774,2.1904,2.1699,2.2119,-0.6698,-0.7382,-0.5806,7781.6304,7606.478,7946.586,5.3836,5.3364,5.4006,4.0868,4.0406,4.1001,5.4077,5.3506,5.4252,3.1038,3.0765,3.1135,2.3037,2.2742,2.3115,-3.5534,-3.5941,-3.5169,27.4569,26.7825,28.0961,-5144.951,0.18122257,MARCS,,,,,,,,,,,,,,,,,,,,,,,,,,,,,,,,,,,,,,,,,,,,,,,,,,,,,,,,,,,,,,,,,,,,,,,,,,,,,,,,,,,,,,,,,,,,,0.07844853,0.036788978,0,0.37393,,,,,,,,,,,,,,,,,,,,,,92,O,,,,,,,27.304552,26.473639,28.09583,1922.6497,1834.4535,2003.2933,5.3009424,5.093082,5.3411913,,,,11,745,0.100781225,0.098933995,0.1032212,0.11166235,0.16845064,0.253312,0.13406248,1.5945296,1.8232541,1.2750571,257.45312,296.36578,184.2201,3472.46,3655.5288,3402.0376,3199.1436,4888.616,3000.0,4.557804,4.6250477,4.5355835,4.709119,5.0365295,4.5904913,0.98303163,1.3352998,0.79676414,-26815.252,0.21221957,0.3218794,1,,,,
1636148068921376768,5877085294819273216,1.0256961e-13,5.101542e-13,0.99999535,2.0034903e-12,4.627051e-06,0.0,0.0,0.99953747,0.0,0.00046249633,4.904021e-11,6.3618976e-12,1.0,,,,,,,,,,,,,,,,,,,,,,,,,,,,,,,,,,,,"libname_gspphot
---------------
               ",,,,,,,,,,,,,,,,,,,,,,,,,,,,,,,,,,,,,,,,,,,,,,,,,,,,,,,,,,,,,,,,,,,,,,,,,,,,,,,,,,,,,,,,,,,"flags_gspspec
-------------
             ",,,,"ew_espels_halpha_flag
---------------------
                     ",,"classlabel_espels
-----------------
                 ","classlabel_espels_flag
----------------------
                      ",,,,,,,,,,,,,,,,,,,,"flags_esphs
-----------
           ","spectraltype_esphs
------------------
                  ",,,"activityindex_espcs_input
-------------------------
                         ",,,"flags_espucd
------------
            ",,,,,,,,,,,,,"flags_flame
-----------
           ",,,,,,0.21548584,0.2392754,0.18121347,1.6156266,1.9033608,1.4600024,763.5149,799.0831,714.62695,3698.3188,3719.9912,3653.58,3119.7856,3633.6797,3000.0,4.6998053,4.7696714,4.606512,4.690918,4.8082104,4.5156803,1.0237703,1.1900876,0.9269569,-927.857,0.34434366,0.04794161,"flags_msc
---------
        0",,,,"flags_oa
--------
        "
1636148068921376768,5877088254084564352,1.0204325e-13,5.097009e-13,0.999998,2.0029837e-12,2.0724938e-06,0.0,0.0,0.9997929,0.0,0.00020720276,0.0,0.0,1.0,9172.852,9152.856,9217.779,2.9985,2.9942,2.9997,-0.0698,-0.0713,-0.0692,2770.6895,2766.1255,2788.8691,5.5585,5.5535,5.5659,4.3639,4.3595,4.3708,5.6786,5.6731,5.687,3.231,3.228,3.2353,2.4476,2.4451,2.4518,-2.2828,-2.2949,-2.2399,10.5058,10.4911,10.5557,-7398.0576,0.27316615,"libname_gspphot
---------------
              A",,,,,,,,,,,,,,,,,,,,,,,,,,,,,,,,,,,,,,,,,,,,,,,,,,,,,,,,,,,,,,,,,,,,,,,,,,,,,,,,,,,,,,,,,,,"flags_gspspec
-------------
             ",,0.022552492,0.026973413,"ew_espels_halpha_flag
---------------------
                    0",0.349923,"classlabel_espels
-----------------
                 ","classlabel_espels_flag
----------------------
                      ",,,,,,,,,,,,,,,,,,,,"flags_esphs
-----------
         92","spectraltype_esphs
------------------
                 O",,,"activityindex_espcs_input
-------------------------
                         ",,,"flags_espucd
------------
            ",17.695595,16.092876,19.3096,2055.1682,1692.0782,2420.946,5.884886,5.7359376,6.0876274,,,,"flags_flame
-----------
         00",411,0.24708416,0.24589838,0.24794124,-0.12976085,0.19978964,0.20432258,0.19397298,1.7302454,2.502545,1.0591865,273.73035,336.14764,235.01361,3476.5142,3564.561,3368.8604,3757.6472,3869.527,3617.3347,4.549312,4.5569987,4.5380397,4.923227,5.0825667,4.7360063,1.0924692,1.589088,0.69702816,-36734.066,0.26307875,1.1324675,"flags_msc
---------
        1",,,,"flags_oa
--------
        "
1636148068921376768,5877085333506552704,1.02022415e-13,5.0959676e-13,1.0,2.0025728e-12,9.999716e-11,0.0,0.0,1.0,0.0,0.0,8.90959e-15,7.0193747e-15,1.0,8654.758,7983.1797,8887.665,3.6848,3.5569,3.7483,-0.8169,-0.8204,-0.8127,1631.0676,1537.5317,1837.5647,7.1746,6.9612,7.2233,5.3238,5.1186,5.3722,7.1142,6.8784,7.1701,4.0993,3.9726,4.1291,3.0148,2.8996,3.041,0.485,0.426,0.6203,3.2448,3.0164,3.7608,-1865.4348,0.23827586,"libname_gspphot
---------------
              A",,,,,,,,,,,,,,,,,,,,,,,,,,,,,,,,,,,,,,,,,,,,,,,,,,,,,,,,,,,,,,,,,,,,,,,,,,,,,,,,,,,,,,,,,,,"flags_gspspec
-------------
             ",,0.28809986,0.11719608,"ew_espels_halpha_flag
---------------------
                    0",0.482545,"classlabel_espels
-----------------
                 ","classlabel_espels_flag
----------------------
                      ",,,,,,,,,,,,,,,,,,,,"flags_esphs
-----------
         95","spectraltype_esphs
------------------
                 B",,,"activityindex_espcs_input
-------------------------
                         ",,,"flags_espucd
------------
            ",3.3050983,3.177142,3.426338,57.305645,54.86131,58.726665,2.4581337,2.410356,2.4998174,0.5401463,0.47067708,0.60869145,"flags_flame
-----------
         01",268,0.37121496,0.3585531,0.38768625,-0.07550334,0.19977114,0.20182034,0.19405356,1.7988303,1.811079,1.7697754,388.65997,393.13263,383.3612,3110.6533,3703.6514,3000.0,3112.787,3642.084,3000.0,4.69675,4.7402425,4.670357,4.700863,4.72264,4.680826,1.058227,1.1130787,0.9958304,-5719.1406,0.33272076,0.28873017,"flags_msc
---------
        1",,,,"flags_oa
--------
        "
1636148068921376768,5877085470909219968,1.0272937e-13,5.09893e-13,0.9999951,2.0035356e-12,4.8556544e-06,0.0,0.0,0.99951464,0.0,0.00048533586,6.4463775e-11,1.0133864e-12,1.0,3726.3843,3689.7793,3818.7908,4.4573,4.4134,4.5328,-1.2533,-1.3588,-1.0887,618.6436,575.4759,687.2456,1.8511,1.7657,2.0233,1.259,1.1996,1.3829,1.7357,1.6551,1.9023,1.0461,0.9975,1.1461,0.6894,0.6573,0.7559,8.6287,8.2832,8.8083,0.4918,0.4589,0.5404,-433.1709,0.44623825,"libname_gspphot
---------------
        PHOENIX",,,,,,,,,,,,,,,,,,,,,,,,,,,,,,,,,,,,,,,,,,,,,,,,,,,,,,,,,,,,,,,,,,,,,,,,,,,,,,,,,,,,,,,,,,,"flags_gspspec
-------------
             ",,,,"ew_espels_halpha_flag
---------------------
                     ",,"classlabel_espels
-----------------
                 ","classlabel_espels_flag
----------------------
                      ",,,,,,,,,,,,,,,,,,,,"flags_esphs
-----------
           ","spectraltype_esphs
------------------
                  ",,,"activityindex_espcs_input
-------------------------
                         ",,,"flags_espucd
------------
            ",,,,,,,,,,,,,"flags_flame
-----------
           ",,,,,,,,,,,,,,,,,,,,,,,,,,,,,,,,,"flags_msc
---------
         ",,,,"flags_oa
--------
        "
1636148068921376768,5877086742255819904,1.0203538e-13,5.096616e-13,0.99999875,2.002829e-12,1.2915647e-06,0.0,0.0,0.9998709,0.0,0.00012913361,0.0,0.0,1.0,,,,,,,,,,,,,,,,,,,,,,,,,,,,,,,,,,,,"libname_gspphot
---------------
               ",7529.0,7308.0,7712.0,4.7,4.5,5.49,,,,,,,,,,,,,,,,,,,,,,,,,,,,,,,,,,,,,,,,,,,,,,,,,,,,,,,,,,,,,,,,,,,,,,,,,,,,,,,,,,,,,"              flags_gspspec              
-----------------------------------------
00010931000009999999999999999999999999999",-2.7814794,0.12793502,0.021484895,"ew_espels_halpha_flag
---------------------
                    0",0.341697,"classlabel_espels
-----------------
                 ","classlabel_espels_flag
----------------------
                      ",,,,,,,,,,,,,,,,,,,,"flags_esphs
-----------
         92","spectraltype_esphs
------------------
                 O",,,"activityindex_espcs_input
-------------------------
                         ",,,"flags_espucd
------------
            ",,,,,,,,,,,,,"flags_flame
-----------
           ",,,,,,0.10005317,0.101017945,0.09941875,0.09818441,0.10790652,0.08376075,161.804,163.65306,159.98637,3775.2642,3790.3032,3752.337,3760.1226,3785.767,3744.3755,4.500396,4.503581,4.497678,4.5002565,4.5031652,4.498354,0.067081675,0.073749945,0.057317242,-109475.586,0.27720764,2.109048,"flags_msc
---------
        1",,,,"flags_oa
--------
        "
1636148068921376768,5877087085853217920,1.020579e-13,5.0977815e-13,0.9999964,2.0032712e-12,3.5217154e-06,0.0,0.0,0.9996479,0.0,0.00035204875,1.00383456e-16,8.008391e-14,1.0,9226.761,9087.793,9299.22,3.4362,3.397,3.4606,-0.1241,-0.196,-0.0586,4289.755,4161.0127,4526.7925,5.2562,5.2255,5.2717,4.1644,4.1356,4.1775,5.3909,5.3563,5.4072,3.0675,3.0482,3.0767,2.3228,2.3071,2.3305,-0.8431,-0.9189,-0.7829,5.475,5.2952,5.7547,-2277.3633,0.16178684,"libname_gspphot
---------------
              A",,,,,,,,,,,,,,,,,,,,,,,,,,,,,,,,,,,,,,,,,,,,,,,,,,,,,,,,,,,,,,,,,,,,,,,,,,,,,,,,,,,,,,,,,,,"flags_gspspec
-------------
             ",,0.17844483,0.09732779,"ew_espels_halpha_flag
---------------------
                    0",0.420351,"classlabel_espels
-----------------
                 ","classlabel_espels_flag
----------------------
                      ",,,,,,,,,,,,,,,,,,,,"flags_esphs
-----------
         95","spectraltype_esphs
------------------
                 B",,,"activityindex_espcs_input
-------------------------
                         ",,,"flags_espucd
------------
            ",5.694434,5.5180926,6.0022483,209.1827,194.15414,230.53748,3.2309341,3.1825252,3.31647,0.2918955,0.25840047,0.327793,"flags_flame
-----------
         01",349,0.34203407,0.3253955,0.35358325,-0.13287038,0.2998594,0.30538535,0.2913565,0.5999636,0.6076228,0.5913686,438.0783,447.41943,430.38666,3130.013,3726.778,3000.0,3102.7078,3847.4294,3000.0,4.61518,4.638116,4.5967407,4.7009373,4.780016,4.647255,0.36284912,0.37951756,0.3338887,-4462.1343,0.35894987,0.03448383,"flags_msc
---------
        1",,,,"flags_oa
--------
        "
1636148068921376768,5877087944812584704,1.0261438e-13,5.0961454e-13,0.99999964,2.0026441e-12,3.5977226e-07,0.0,0.0,0.99996406,0.0,3.5966965e-05,5.7673526e-11,1.0863819e-15,1.0,4313.407,4272.9165,4358.8975,4.1615,4.1475,4.1819,-0.9568,-1.0501,-0.7614,581.1356,556.7238,606.0087,5.7203,5.6651,5.7786,3.7609,3.7172,3.8061,5.2839,5.226,5.3433,3.1747,3.1433,3.2085,2.1096,2.0821,2.1335,6.0074,5.8761,6.1134,1.1211,1.0778,1.1663,-997.5763,0.40896553,"libname_gspphot
---------------
        PHOENIX",,,,,,,,,,,,,,,,,,,,,,,,,,,,,,,,,,,,,,,,,,,,,,,,,,,,,,,,,,,,,,,,,,,,,,,,,,,,,,,,,,,,,,,,,,,"flags_gspspec
-------------
             ",,,,"ew_espels_halpha_flag
---------------------
                     ",,"classlabel_espels
-----------------
                 ","classlabel_espels_flag
----------------------
                      ",,,,,,,,,,,,,,,,,,,,"flags_esphs
-----------
           ","spectraltype_esphs
------------------
                  ",,,"activityindex_espcs_input
-------------------------
                         ",,,"flags_espucd
------------
            ",,,,,,,,,,,,,"flags_flame
-----------
           ",,,,,,,,,,,,,,,,,,,,,,,,,,,,,,,,,"flags_msc
---------
         ",,,,"flags_oa
--------
        "
1636148068921376768,5877088150971109760,1.0202973e-13,5.0964056e-13,0.9999993,2.002717e-12,7.2678466e-07,0.0,0.0,0.99992734,0.0,7.2665294e-05,5.798312e-15,1.4771436e-13,1.0,,,,,,,,,,,,,,,,,,,,,,,,,,,,,,,,,,,,"libname_gspphot
---------------
               ",,,,,,,,,,,,,,,,,,,,,,,,,,,,,,,,,,,,,,,,,,,,,,,,,,,,,,,,,,,,,,,,,,,,,,,,,,,,,,,,,,,,,,,,,,,"flags_gspspec
-------------
             ",,-0.07462374,0.14849131,"ew_espels_halpha_flag
---------------------
                    0",0.444229,"classlabel_espels
-----------------
                 ","classlabel_espels_flag
----------------------
                      ",,,,,,,,,,,,,,,,,,,,"flags_esphs
-----------
         92","spectraltype_esphs
------------------
                 O",,,"activityindex_espcs_input
-------------------------
                         ",,,"flags_espucd
------------
            ",,,,,,,,,,,,,"flags_flame
-----------
           ",,,,,,0.2007747,0.21392632,0.19043016,1.0002551,1.0364184,0.9770063,507.7202,522.3705,497.07416,3699.1323,3715.6948,3675.5117,3287.4087,3401.5469,3107.709,4.6987977,4.7181764,4.680506,4.697367,4.719688,4.663612,0.64503187,0.66424066,0.62927896,-1443.4248,0.4070167,0.028201416,"flags_msc
---------
        1",,,,"flags_oa
--------
        "
1636148068921376768,5877088249758649216,1.0206088e-13,5.1120024e-13,0.9999985,2.0028668e-12,1.4837465e-06,0.0,0.0,0.9998517,0.0,0.00014834707,2.309934e-12,2.9999944e-11,1.0,9428.404,9307.912,9533.222,3.8523,3.8137,3.8849,-0.9558,-0.9983,-0.889,2597.8892,2489.1123,2728.4675,5.6333,5.6155,5.6521,4.4111,4.3936,4.4285,5.7408,5.7202,5.7622,3.2775,3.2665,3.2888,2.4634,2.4538,2.4732,0.6277,0.5318,0.726,2.6994,2.5731,2.8386,-1218.3456,0.3677116,"libname_gspphot
---------------
              A",,,,,,,,,,,,,,,,,,,,,,,,,,,,,,,,,,,,,,,,,,,,,,,,,,,,,,,,,,,,,,,,,,,,,,,,,,,,,,,,,,,,,,,,,,,"flags_gspspec
-------------
             ",,-0.13334477,0.1502443,"ew_espels_halpha_flag
---------------------
                    0",0.452431,"classlabel_espels
-----------------
                 ","classlabel_espels_flag
----------------------
                      ",,,,,,,,,,,,,,,,,,,,"flags_esphs
-----------
         93","spectraltype_esphs
------------------
                 O",,,"activityindex_espcs_input
-------------------------
                         ",,,"flags_espucd
------------
            ",2.7142959,2.5923629,2.8523242,53.104874,49.042686,58.25919,2.4609356,2.4054615,2.5259216,0.43918887,0.36851376,0.5114085,"flags_flame
-----------
         01",239,0.45560136,0.43523517,0.4708217,-0.21594201,0.2007921,0.211294,0.19108564,1.0000725,1.0102661,0.9930749,552.58545,585.26855,530.78064,3509.2104,3606.42,3425.5654,3297.3403,3362.1108,3217.9995,4.600867,4.633578,4.554919,4.697409,4.7230296,4.6591334,0.62905127,0.639522,0.6218361,-1408.583,0.3188783,0.06653731,"flags_msc
---------
        1",,,,"flags_oa
--------
        "
1636148068921376768,5877088391489357824,1.0698983e-13,5.0981273e-13,0.9999958,2.0034011e-12,4.1775065e-06,0.0,0.0,0.9995824,0.0,0.00041757978,4.825672e-10,1.0898604e-13,1.0,4049.8442,3980.6907,4120.1587,4.7071,4.4737,4.8013,-0.8884,-1.2996,-0.6968,516.4519,465.6428,608.3754,3.5169,3.3947,3.6352,2.3565,2.2706,2.4424,3.2781,3.1648,3.3933,1.9726,1.9032,2.0421,1.3058,1.2612,1.3509,8.0172,7.6953,8.2751,0.5104,0.4562,0.615,-566.1682,0.38670847,"libname_gspphot
---------------
          MARCS",,,,,,,,,,,,,,,,,,,,,,,,,,,,,,,,,,,,,,,,,,,,,,,,,,,,,,,,,,,,,,,,,,,,,,,,,,,,,,,,,,,,,,,,,,,"flags_gspspec
-------------
             ",,,,"ew_espels_halpha_flag
---------------------
                     ",,"classlabel_espels
-----------------
                 ","classlabel_espels_flag
----------------------
                      ",,,,,,,,,,,,,,,,,,,,"flags_esphs
-----------
           ","spectraltype_esphs
------------------
                  ",,,"activityindex_espcs_input
-------------------------
                         ",,,"flags_espucd
------------
            ",,,,,,,,,,,,,"flags_flame
-----------
           ",,,,,,,,,,,,,,,,,,,,,,,,,,,,,,,,,"flags_msc
---------
         ",,,,"flags_oa
--------
        "
1636148068921376768,5877089353596223616,1.02035405e-13,5.0967244e-13,0.99999875,2.002829e-12,1.2915647e-06,0.0,0.0,0.9998709,0.0,0.00012913361,2.3393979e-15,2.1311478e-13,1.0,9361.5205,9237.779,9487.935,3.818,3.7863,3.8475,-0.9291,-0.9768,-0.8618,2490.1865,2410.449,2581.4194,5.3445,5.3202,5.3641,4.2192,4.1972,4.2387,5.4694,5.4423,5.4924,3.1175,3.1029,3.1297,2.352,2.3393,2.3624,0.5581,0.4763,0.6191,2.8239,2.7197,2.9262,-1392.9114,0.26310346,"libname_gspphot
---------------
              A",,,,,,,,,,,,,,,,,,,,,,,,,,,,,,,,,,,,,,,,,,,,,,,,,,,,,,,,,,,,,,,,,,,,,,,,,,,,,,,,,,,,,,,,,,,"flags_gspspec
-------------
             ",,-0.09802695,0.11318901,"ew_espels_halpha_flag
---------------------
                    0",0.470096,"classlabel_espels
-----------------
                 ","classlabel_espels_flag
----------------------
                      ",,,,,,,,,,,,,,,,,,,,"flags_esphs
-----------
         92","spectraltype_esphs
------------------
                 O",,,"activityindex_espcs_input
-------------------------
                         ",,,"flags_espucd
------------
            ",2.8828688,2.770617,3.0112464,56.99594,52.929893,62.61139,2.4917545,2.4277854,2.553913,0.45160383,0.38376263,0.5211224,"flags_flame
-----------
         01",248,0.43474078,0.41701734,0.45077857,-0.19013138,0.26547462,0.29457718,-0.413693,0.60014355,3.6101937,0.55696535,514.84174,538.8853,356.33984,3493.0366,3560.2144,3000.0,3129.9097,4409.011,3000.0,4.463319,4.737896,4.3941107,4.7196894,5.2,4.3813066,0.37894088,2.1375818,0.35215455,-2072.5168,0.24735084,0.07120582,"flags_msc
---------
        1",,,,"flags_oa
--------
        "
1636148068921376768,5877089456675450624,1.0212282e-13,5.112895e-13,0.99999076,2.0043932e-12,9.181842e-06,0.0,0.0,0.9990826,0.0,0.0009173663,7.5835524e-13,2.4113428e-11,1.0,,,,,,,,,,,,,,,,,,,,,,,,,,,,,,,,,,,,"libname_gspphot
---------------
               ",,,,,,,,,,,,,,,,,,,,,,,,,,,,,,,,,,,,,,,,,,,,,,,,,,,,,,,,,,,,,,,,,,,,,,,,,,,,,,,,,,,,,,,,,,,"flags_gspspec
-------------
             ",,0.07550559,0.44218963,"ew_espels_halpha_flag
---------------------
                    0",0.45602,"classlabel_espels
-----------------
                 ","classlabel_espels_flag
----------------------
                      ",,,,,,,,,,,,,,,,,,,,"flags_esphs
-----------
        999","spectraltype_esphs
------------------
           unknown",,,"activityindex_espcs_input
-------------------------
                         ",,,"flags_espucd
------------
            ",,,,,,,,,,,,,"flags_flame
-----------
           ",,,,,,0.35936722,0.39511034,0.3358225,0.43669695,1.0639414,0.11590177,839.1338,1043.3892,570.72314,3321.0352,3451.587,3232.1753,3073.9702,3589.6147,3000.0,4.480962,4.6789827,4.2901316,4.8303313,5.2,4.553909,0.27063662,0.65605396,0.07304603,-1107.3903,0.2529833,0.22445735,"flags_msc
---------
        1",,,,"flags_oa
--------
        "
1636148068921376768,5877089800272575488,1.0202967e-13,5.096331e-13,0.9999993,2.002717e-12,7.2678466e-07,0.0,0.0,0.99992734,0.0,7.2665294e-05,0.0,0.0,1.0,,,,,,,,,,,,,,,,,,,,,,,,,,,,,,,,,,,,"libname_gspphot
---------------
               ",,,,,,,,,,,,,,,,,,,,,,,,,,,,,,,,,,,,,,,,,,,,,,,,,,,,,,,,,,,,,,,,,,,,,,,,,,,,,,,,,,,,,,,,,,,"flags_gspspec
-------------
             ",,0.07240746,0.037589144,"ew_espels_halpha_flag
---------------------
                    0",0.396279,"classlabel_espels
-----------------
                 ","classlabel_espels_flag
----------------------
                      ",,,,,,,,,,,,,,,,,,,,"flags_esphs
-----------
         91","spectraltype_esphs
------------------
                 O",,,"activityindex_espcs_input
-------------------------
                         ",,,"flags_espucd
------------
            ",,,,,,,,,,,,,"flags_flame
-----------
           ",,,,,,0.09980484,0.101788856,0.097962014,0.9090508,0.94401133,0.8802028,124.869545,131.02478,122.31934,3719.8213,3751.8745,3680.7563,3697.6309,3722.018,3687.0156,4.6084433,4.6359997,4.529336,4.8008437,4.8122783,4.7963853,0.60172695,0.6239076,0.5861761,-171204.97,0.25821003,0.43144554,"flags_msc
---------
        1",,,,"flags_oa
--------
        "
1636148068921376768,5877089834632315136,1.0202596e-13,5.0961454e-13,0.99999964,2.0026441e-12,3.5977226e-07,0.0,0.0,0.99996406,0.0,3.5966965e-05,1.515743e-25,1.0314148e-15,1.0,7674.4023,7456.577,7738.191,2.3872,2.3453,2.4129,-1.148,-1.2499,-1.0208,4845.124,4711.2275,5059.7188,5.7225,5.6384,5.7462,4.3238,4.2385,4.348,5.7258,5.6251,5.7546,3.2961,3.2462,3.3097,2.4294,2.38,2.445,-3.0368,-3.1125,-2.9753,19.9358,19.3507,21.1423,-5346.0337,0.2277116,"libname_gspphot
---------------
        PHOENIX",,,,,,,,,,,,,,,,,,,,,,,,,,,,,,,,,,,,,,,,,,,,,,,,,,,,,,,,,,,,,,,,,,,,,,,,,,,,,,,,,,,,,,,,,,,"flags_gspspec
-------------
             ",,0.013770672,0.035714075,"ew_espels_halpha_flag
---------------------
                    0",0.283054,"classlabel_espels
-----------------
                 ","classlabel_espels_flag
----------------------
                      ",,,,,,,,,,,,,,,,,,,,"flags_esphs
-----------
         92","spectraltype_esphs
------------------
                 O",,,"activityindex_espcs_input
-------------------------
                         ",,,"flags_espucd
------------
            ",,,,,,,,,,,,,"flags_flame
-----------
           ",,,,,,0.100069314,0.10165189,0.09951417,1.6002675,1.6074392,1.5979382,183.43379,185.65318,181.44054,3687.903,3695.8499,3681.6165,3141.0967,3499.732,3000.0,4.799752,4.8024893,4.7954845,4.60009,4.601058,4.5992365,1.0050653,1.0108398,0.99969137,-46880.035,0.33207637,0.7725782,"flags_msc
---------
        1",,,,"flags_oa
--------
        "
1636148068921376768,5877089972071283584,1.0204125e-13,5.096917e-13,0.99999815,2.0029445e-12,1.8741791e-06,0.0,0.0,0.99981266,0.0,0.00018737846,3.667044e-16,1.3711694e-14,1.0,9227.845,9162.107,9283.774,3.6066,3.5766,3.628,-0.5081,-0.5576,-0.4525,3194.4456,3087.213,3307.7083,5.7291,5.7204,5.7393,4.4682,4.4599,4.4779,5.8279,5.8187,5.8393,3.3274,3.3221,3.3335,2.5008,2.4962,2.5063,-0.1789,-0.2523,-0.1164,4.0224,3.8928,4.1799,-1408.4945,0.19561128,"libname_gspphot
---------------
              A",,,,,,,,,,,,,,,,,,,,,,,,,,,,,,,,,,,,,,,,,,,,,,,,,,,,,,,,,,,,,,,,,,,,,,,,,,,,,,,,,,,,,,,,,,,"flags_gspspec
-------------
             ",,0.10588644,0.10385952,"ew_espels_halpha_flag
---------------------
                    0",0.426435,"classlabel_espels
-----------------
                 ","classlabel_espels_flag
----------------------
                      ",,,,,,,,,,,,,,,,,,,,"flags_esphs
-----------
         92","spectraltype_esphs
------------------
                 O",,,"activityindex_espcs_input
-------------------------
                         ",,,"flags_espucd
------------
            ",4.136345,3.9782627,4.316025,112.07194,104.772255,120.7152,2.862761,2.7986712,2.9200485,0.38435614,0.34002537,0.42889547,"flags_flame
-----------
         01",283,0.3828879,0.369529,0.39221102,-0.15638225,0.19990075,0.20461339,0.19506323,1.0006233,1.0192045,0.99326575,467.70764,476.2074,460.2351,3499.8198,3513.311,3465.6377,3294.0776,3344.3877,3187.9155,4.6084948,4.6287317,4.582879,4.699587,4.7056093,4.687132,0.628641,0.6387571,0.62419987,-2509.6067,0.35410503,0.03353358,"flags_msc
---------
        1",,,,"flags_oa
--------
        "
1636148068921376768,5877090895454424064,1.0205349e-13,5.0960554e-13,0.9999998,2.0026084e-12,1.7903248e-07,0.0,0.0,0.9999821,0.0,1.7893437e-05,2.8771343e-12,2.9016875e-15,1.0,9473.418,9260.903,9710.797,3.939,3.875,4.0046,-0.9021,-1.122,-0.5711,1751.6844,1622.577,1904.5571,7.7574,7.7191,7.7944,5.7307,5.696,5.7632,7.6734,7.6317,7.7132,4.4221,4.3989,4.444,3.2515,3.2324,3.2696,0.8479,0.6795,1.0132,2.407,2.232,2.6271,-1257.5088,0.4240439,"libname_gspphot
---------------
              A",,,,,,,,,,,,,,,,,,,,,,,,,,,,,,,,,,,,,,,,,,,,,,,,,,,,,,,,,,,,,,,,,,,,,,,,,,,,,,,,,,,,,,,,,,,"flags_gspspec
-------------
             ",,,,"ew_espels_halpha_flag
---------------------
                     ",,"classlabel_espels
-----------------
                 ","classlabel_espels_flag
----------------------
                      ",,,,,,,,,,,,,,,,,,,,"flags_esphs
-----------
           ","spectraltype_esphs
------------------
                  ",,,"activityindex_espcs_input
-------------------------
                         ",,,"flags_espucd
------------
            ",2.5337543,2.3738203,2.706413,47.69636,42.72869,54.29656,2.4302044,2.3442287,2.5047586,0.42469093,0.3389104,0.5056498,"flags_flame
-----------
         01",226,0.47964415,0.45840356,0.49864402,-0.22576538,0.10058933,0.12800038,0.07967182,1.602531,1.6593163,1.5615492,562.2075,592.3137,534.6904,3134.2563,3546.8052,3000.0,3175.418,3329.378,3000.0,4.6884317,4.766509,4.6091766,4.7091284,4.783534,4.6255436,0.94965786,1.0159788,0.91751665,-1598.5098,0.33085918,0.7335803,"flags_msc
---------
        1",,,,"flags_oa
--------
        "
1636148068921376768,5877091002827707520,1.0391283e-13,5.0985784e-13,0.9999949,2.0035813e-12,5.0868694e-06,0.0,0.0,0.9994916,0.0,0.0005084353,1.8017574e-10,9.5414914e-14,1.0,,,,,,,,,,,,,,,,,,,,,,,,,,,,,,,,,,,,"libname_gspphot
---------------
               ",,,,,,,,,,,,,,,,,,,,,,,,,,,,,,,,,,,,,,,,,,,,,,,,,,,,,,,,,,,,,,,,,,,,,,,,,,,,,,,,,,,,,,,,,,,"flags_gspspec
-------------
             ",,,,"ew_espels_halpha_flag
---------------------
                     ",,"classlabel_espels
-----------------
                 ","classlabel_espels_flag
----------------------
                      ",,,,,,,,,,,,,,,,,,,,"flags_esphs
-----------
           ","spectraltype_esphs
------------------
                  ",,,"activityindex_espcs_input
-------------------------
                         ",,,"flags_espucd
------------
            ",,,,,,,,,,,,,"flags_flame
-----------
           ",,,,,,,,,,,,,,,,,,,,,,,,,,,,,,,,,"flags_msc
---------
         ",,,,"flags_oa
--------
        "
1636148068921376768,5877085299147147776,1.02047365e-13,5.097232e-13,0.99999756,2.003064e-12,2.475487e-06,0.0,0.0,0.99975246,0.0,0.000247485,2.3319437e-15,3.6029156e-14,1.0,,,,,,,,,,,,,,,,,,,,,,,,,,,,,,,,,,,,"libname_gspphot
---------------
               ",,,,,,,,,,,,,,,,,,,,,,,,,,,,,,,,,,,,,,,,,,,,,,,,,,,,,,,,,,,,,,,,,,,,,,,,,,,,,,,,,,,,,,,,,,,"flags_gspspec
-------------
             ",,0.31485838,0.111400366,"ew_espels_halpha_flag
---------------------
                    0",0.453203,"classlabel_espels
-----------------
                 ","classlabel_espels_flag
----------------------
                      ",,,,,,,,,,,,,,,,,,,,"flags_esphs
-----------
        999","spectraltype_esphs
------------------
           unknown",,,"activityindex_espcs_input
-------------------------
                         ",,,"flags_espucd
------------
            ",,,,,,,,,,,,,"flags_flame
-----------
           ",,,,,,0.20534387,0.27409694,0.14821416,1.0866256,1.3708885,0.8459468,591.9301,806.9594,462.4898,3500.8823,3534.2441,3468.2847,3134.192,3781.4795,3000.0,4.5671663,4.605299,4.5158825,4.6845646,4.792144,4.5158167,0.67812943,0.8477726,0.5356326,-2026.1923,0.32937947,0.16100036,"flags_msc
---------
        1",,,,"flags_oa
--------
        "
1636148068921376768,5877085299147065856,1.0204325e-13,5.0972036e-13,0.999998,2.0029837e-12,2.0724938e-06,0.0,0.0,0.9997929,0.0,0.00020720276,1.693583e-16,3.8186308e-13,1.0,8528.468,8125.456,8589.806,3.0907,3.0033,3.1469,-2.3552,-2.4354,-2.2725,4120.249,3756.7922,4564.323,5.4395,5.3044,5.4551,4.2339,4.097,4.2491,5.53,5.3651,5.5481,3.1567,3.0775,3.1664,2.3734,2.2883,2.3818,-1.0859,-1.1613,-0.8885,6.8066,6.181,7.6237,-2335.5544,0.3161442,"libname_gspphot
---------------
        PHOENIX",,,,,,,,,,,,,,,,,,,,,,,,,,,,,,,,,,,,,,,,,,,,,,,,,,,,,,,,,,,,,,,,,,,,,,,,,,,,,,,,,,,,,,,,,,,"flags_gspspec
-------------
             ",,0.1143971,0.08804085,"ew_espels_halpha_flag
---------------------
                    0",0.400969,"classlabel_espels
-----------------
                 ","classlabel_espels_flag
----------------------
                      ",,,,,,,,,,,,,,,,,,,,"flags_esphs
-----------
         93","spectraltype_esphs
------------------
                 O",,,"activityindex_espcs_input
-------------------------
                         ",,,"flags_espucd
------------
            ",8.7965765,7.3311334,14.726569,462.09787,309.2474,1084.8472,3.538564,3.0432243,3.712813,0.23248003,0.2032557,0.3753022,"flags_flame
-----------
         02",358,0.30438516,0.29659313,0.30923143,-0.08637976,0.2000067,0.20443845,0.19784781,1.0002074,1.0061977,0.9972105,377.7753,398.96335,364.94937,3519.6482,3607.8684,3455.305,3298.7537,3320.348,3254.0002,4.60505,4.621887,4.5831633,4.6993427,4.705084,4.6907215,0.629961,0.6367327,0.62414837,-5820.1943,0.35102627,0.15317068,"flags_msc
---------
        1",,,,"flags_oa
--------
        "
1636148068921376768,5877085569698589440,1.0256253e-13,5.097366e-13,0.9999973,2.0031043e-12,2.6802325e-06,0.0,0.0,0.999732,0.0,0.0002679497,5.028206e-11,9.810681e-14,1.0,,,,,,,,,,,,,,,,,,,,,,,,,,,,,,,,,,,,"libname_gspphot
---------------
               ",,,,,,,,,,,,,,,,,,,,,,,,,,,,,,,,,,,,,,,,,,,,,,,,,,,,,,,,,,,,,,,,,,,,,,,,,,,,,,,,,,,,,,,,,,,"flags_gspspec
-------------
             ",,,,"ew_espels_halpha_flag
---------------------
                     ",,"classlabel_espels
-----------------
                 ","classlabel_espels_flag
----------------------
                      ",,,,,,,,,,,,,,,,,,,,"flags_esphs
-----------
           ","spectraltype_esphs
------------------
                  ",,,"activityindex_espcs_input
-------------------------
                         ",,,"flags_espucd
------------
            ",,,,,,,,,,,,,"flags_flame
-----------
           ",,,,,,0.17951997,0.31970876,-0.021975175,1.3983803,1.4710968,1.280344,730.13947,809.9393,600.91644,3173.5278,3455.249,3000.0,3113.2544,3789.7192,3000.0,4.698799,4.717448,4.675601,4.7008667,4.7274027,4.687873,0.8326584,0.9041655,0.7394004,-748.5536,0.36470166,0.054986577,"flags_msc
---------
        0",,,,"flags_oa
--------
        "
1636148068921376768,5877085299147062656,1.0203731e-13,5.096713e-13,0.9999985,2.0028668e-12,1.4837465e-06,0.0,0.0,0.9998517,0.0,0.00014834707,1.4531206e-20,1.3799619e-15,1.0,,,,,,,,,,,,,,,,,,,,,,,,,,,,,,,,,,,,"libname_gspphot
---------------
               ",,,,,,,,,,,,,,,,,,,,,,,,,,,,,,,,,,,,,,,,,,,,,,,,,,,,,,,,,,,,,,,,,,,,,,,,,,,,,,,,,,,,,,,,,,,"flags_gspspec
-------------
             ",,0.006716683,0.05879832,"ew_espels_halpha_flag
---------------------
                    0",0.36541,"classlabel_espels
-----------------
                 ","classlabel_espels_flag
----------------------
                      ",,,,,,,,,,,,,,,,,,,,"flags_esphs
-----------
         92","spectraltype_esphs
------------------
                 O",,,"activityindex_espcs_input
-------------------------
                         ",,,"flags_espucd
------------
            ",,,,,,,,,,,,,"flags_flame
-----------
           ",,,,,,0.20021841,0.20558074,0.19739985,0.9998496,1.0054507,0.99104124,333.46457,337.97568,327.5762,3700.1172,3708.274,3692.6538,3298.033,3316.8855,3273.3113,4.688487,4.7232723,4.642205,4.6720695,4.723439,4.6349716,0.64438546,0.64827824,0.6376394,-9509.408,0.33143198,0.80337286,"flags_msc
---------
        1",,,,"flags_oa
--------
        "
1636148068921376768,5877085294816499200,1.0204125e-13,5.09691e-13,0.99999815,2.0029445e-12,1.8741791e-06,0.0,0.0,0.99981266,0.0,0.00018737846,0.0,0.0,1.0,,,,,,,,,,,,,,,,,,,,,,,,,,,,,,,,,,,,"libname_gspphot
---------------
               ",,,,,,,,,,,,,,,,,,,,,,,,,,,,,,,,,,,,,,,,,,,,,,,,,,,,,,,,,,,,,,,,,,,,,,,,,,,,,,,,,,,,,,,,,,,"flags_gspspec
-------------
             ",,0.12756774,0.02278317,"ew_espels_halpha_flag
---------------------
                    0",0.340452,"classlabel_espels
-----------------
                 ","classlabel_espels_flag
----------------------
                      ",,,,,,,,,,,,,,,,,,,,"flags_esphs
-----------
         92","spectraltype_esphs
------------------
                 O",,,"activityindex_espcs_input
-------------------------
                         ",,,"flags_espucd
------------
            ",,,,,,,,,,,,,"flags_flame
-----------
           ",,,,,,0.13727489,0.14606524,0.12569252,1.2044321,1.2421249,1.1772274,193.77925,217.0019,164.53883,3376.3513,3612.799,3203.4705,3480.025,3591.812,3152.6128,4.459775,4.521888,4.4222527,4.57006,4.6231127,4.4760323,0.75208324,0.76895374,0.72533804,-95428.48,0.2539618,0.93767166,"flags_msc
---------
        1",,,,"flags_oa
--------
        "
1636148068921376768,5877085264787059328,1.0203379e-13,1.10629624e-10,0.99999887,2.0027977e-12,1.1128353e-06,0.0,2.1606418e-06,0.99988663,0.0,0.00011126419,1.1569381e-15,1.8952046e-13,1.0,,,,,,,,,,,,,,,,,,,,,,,,,,,,,,,,,,,,"libname_gspphot
---------------
               ",,,,,,,,,,,,,,,,,,,,,,,,,,,,,,,,,,,,,,,,,,,,,,,,,,,,,,,,,,,,,,,,,,,,,,,,,,,,,,,,,,,,,,,,,,,"flags_gspspec
-------------
             ",,0.17181566,0.12976578,"ew_espels_halpha_flag
---------------------
                    0",0.446537,"classlabel_espels
-----------------
                 ","classlabel_espels_flag
----------------------
                      ",,,,,,,,,,,,,,,,,,,,"flags_esphs
-----------
         92","spectraltype_esphs
------------------
                 O",,,"activityindex_espcs_input
-------------------------
                         ",,,"flags_espucd
------------
            ",,,,,,,,,,,,,"flags_flame
-----------
           ",,,,,,0.20055552,0.21056165,0.1931945,1.0001808,1.0151547,0.99050343,448.76456,459.12863,440.50436,3700.1284,3714.6353,3686.0952,3296.0266,3335.1257,3222.3645,4.6957107,4.727773,4.6599717,4.698118,4.712619,4.659075,0.64525414,0.6535976,0.63893664,-3431.26,0.36634845,0.06250962,"flags_msc
---------
        1",,,,"flags_oa
--------
        "
1636148068921376768,5877085264787050240,1.0204325e-13,5.097009e-13,0.999998,2.0029837e-12,2.0724938e-06,0.0,0.0,0.9997929,0.0,0.00020720276,0.0,0.0,1.0,,,,,,,,,,,,,,,,,,,,,,,,,,,,,,,,,,,,"libname_gspphot
---------------
               ",,,,,,,,,,,,,,,,,,,,,,,,,,,,,,,,,,,,,,,,,,,,,,,,,,,,,,,,,,,,,,,,,,,,,,,,,,,,,,,,,,,,,,,,,,,"flags_gspspec
-------------
             ",,-0.055301834,0.018326513,"ew_espels_halpha_flag
---------------------
                    0",0.294463,"classlabel_espels
-----------------
                 ","classlabel_espels_flag
----------------------
                      ",,,,,,,,,,,,,,,,,,,,"flags_esphs
-----------
         92","spectraltype_esphs
------------------
                 O",,,"activityindex_espcs_input
-------------------------
                       M2",,,"flags_espucd
------------
            ",,,,,,,,,,,,,"flags_flame
-----------
           ",,,,,,0.10044469,0.103820324,0.09851551,0.9875045,1.0443047,0.8791206,56.899075,59.55685,55.822033,3799.8682,3802.1313,3797.3975,3719.0679,4224.998,3665.9404,4.4982376,4.516305,4.491166,4.7990704,4.8071194,4.7747183,0.6598654,0.6956532,0.59587264,-426891.06,0.2638425,0.4314978,"flags_msc
---------
        1",,,,"flags_oa
--------
        "
1636148068921376768,5877085260461428736,1.03352765e-13,6.344319e-11,0.99999344,2.003878e-12,6.5705012e-06,0.0,1.2339801e-06,0.9993422,0.0,0.0006566308,1.2380866e-10,1.4345249e-12,1.0,,,,,,,,,,,,,,,,,,,,,,,,,,,,,,,,,,,,"libname_gspphot
---------------
               ",,,,,,,,,,,,,,,,,,,,,,,,,,,,,,,,,,,,,,,,,,,,,,,,,,,,,,,,,,,,,,,,,,,,,,,,,,,,,,,,,,,,,,,,,,,"flags_gspspec
-------------
             ",,,,"ew_espels_halpha_flag
---------------------
                     ",,"classlabel_espels
-----------------
                 ","classlabel_espels_flag
----------------------
                      ",,,,,,,,,,,,,,,,,,,,"flags_esphs
-----------
           ","spectraltype_esphs
------------------
                  ",,,"activityindex_espcs_input
-------------------------
                         ",,,"flags_espucd
------------
            ",,,,,,,,,,,,,"flags_flame
-----------
           ",,,,,,,,,,,,,,,,,,,,,,,,,,,,,,,,,"flags_msc
---------
         ",,,,"flags_oa
--------
        "
1636148068921376768,5877085299147064064,1.0203155e-13,5.096459e-13,0.9999991,2.0027539e-12,9.131138e-07,0.0,0.0,0.99990875,0.0,9.129572e-05,1.6282437e-21,6.7529546e-14,1.0,,,,,,,,,,,,,,,,,,,,,,,,,,,,,,,,,,,,"libname_gspphot
---------------
               ",,,,,,,,,,,,,,,,,,,,,,,,,,,,,,,,,,,,,,,,,,,,,,,,,,,,,,,,,,,,,,,,,,,,,,,,,,,,,,,,,,,,,,,,,,,"flags_gspspec
-------------
             ",,0.13187651,0.045289684,"ew_espels_halpha_flag
---------------------
                    0",0.382189,"classlabel_espels
-----------------
                 ","classlabel_espels_flag
----------------------
                      ",,,,,,,,,,,,,,,,,,,,"flags_esphs
-----------
         93","spectraltype_esphs
------------------
                 O",,,"activityindex_espcs_input
-------------------------
                         ",,,"flags_espucd
------------
            ",,,,,,,,,,,,,"flags_flame
-----------
           ",,,,,,0.20003295,0.20094565,0.19917092,1.0001725,1.0055274,0.99689305,246.58508,249.60709,243.80356,3675.1812,3697.4224,3652.8545,3298.6768,3312.124,3277.8296,4.6994524,4.70465,4.68869,4.6849146,4.7101345,4.6554556,0.6420387,0.64628255,0.63841355,-20396.527,0.37257758,0.260088,"flags_msc
---------
        1",,,,"flags_oa
--------
        "
1636148068921376768,5877085196067840640,1.0202781e-13,5.0965287e-13,0.99999946,2.0026804e-12,5.423469e-07,0.0,0.0,0.99994576,0.0,5.4223317e-05,6.168654e-18,5.719174e-13,1.0,,,,,,,,,,,,,,,,,,,,,,,,,,,,,,,,,,,,"libname_gspphot
---------------
               ",,,,,,,,,,,,,,,,,,,,,,,,,,,,,,,,,,,,,,,,,,,,,,,,,,,,,,,,,,,,,,,,,,,,,,,,,,,,,,,,,,,,,,,,,,,"flags_gspspec
-------------
             ",,0.1730877,0.060672592,"ew_espels_halpha_flag
---------------------
                    0",0.265788,"classlabel_espels
-----------------
                 ","classlabel_espels_flag
----------------------
                      ",,,,,,,,,,,,,,,,,,,,"flags_esphs
-----------
         93","spectraltype_esphs
------------------
                 O",,,"activityindex_espcs_input
-------------------------
                         ",,,"flags_espucd
------------
            ",,,,,,,,,,,,,"flags_flame
-----------
           ",,,,,,0.19483164,0.24216488,0.15263423,1.7999659,1.8074093,1.7978749,288.9822,296.62717,284.9371,3699.3232,3705.832,3681.3032,3130.0215,3724.6895,3000.0,4.833391,4.891327,4.7492247,4.797919,4.8155046,4.763372,1.1327783,1.1488703,1.1294392,-13283.095,0.32050118,0.20042956,"flags_msc
---------
        1",,,,"flags_oa
--------
        "
1636148068921376768,5877085196067837184,1.0202596e-13,5.0961454e-13,0.99999964,2.0026441e-12,3.5977226e-07,0.0,0.0,0.99996406,0.0,3.5966965e-05,0.0,0.0,1.0,,,,,,,,,,,,,,,,,,,,,,,,,,,,,,,,,,,,"libname_gspphot
---------------
               ",,,,,,,,,,,,,,,,,,,,,,,,,,,,,,,,,,,,,,,,,,,,,,,,,,,,,,,,,,,,,,,,,,,,,,,,,,,,,,,,,,,,,,,,,,,"flags_gspspec
-------------
             ",,0.08856273,0.021787079,"ew_espels_halpha_flag
---------------------
                    0",0.355097,"classlabel_espels
-----------------
                 ","classlabel_espels_flag
----------------------
                      ",,,,,,,,,,,,,,,,,,,,"flags_esphs
-----------
         92","spectraltype_esphs
------------------
                 O",,,"activityindex_espcs_input
-------------------------
                       M2",,,"flags_espucd
------------
            ",,,,,,,,,,,,,"flags_flame
-----------
           ",,,,,,0.24746072,0.5,-0.024742514,2.715304,3.0060077,2.4863076,364.99524,487.68292,10.0,3348.3535,4082.5674,3000.0,3871.0488,4318.1436,3000.0,4.493705,4.5566854,4.3856964,4.5308685,5.2,4.3255568,1.6974871,1.9530098,1.433348,-31122.865,0.17264916,0.08101727,"flags_msc
---------
        1",,,,"flags_oa
--------
        "
1636148068921376768,5877085196067833472,1.0203155e-13,5.0964246e-13,0.9999991,2.0027539e-12,9.131138e-07,0.0,0.0,0.99990875,0.0,9.129572e-05,0.0,0.0,1.0,,,,,,,,,,,,,,,,,,,,,,,,,,,,,,,,,,,,"libname_gspphot
---------------
               ",,,,,,,,,,,,,,,,,,,,,,,,,,,,,,,,,,,,,,,,,,,,,,,,,,,,,,,,,,,,,,,,,,,,,,,,,,,,,,,,,,,,,,,,,,,"flags_gspspec
-------------
             ",,-0.13898897,0.026055139,"ew_espels_halpha_flag
---------------------
                    0",0.336491,"classlabel_espels
-----------------
                 ","classlabel_espels_flag
----------------------
                      ",,,,,,,,,,,,,,,,,,,,"flags_esphs
-----------
         91","spectraltype_esphs
------------------
                 O",,,"activityindex_espcs_input
-------------------------
                         ",,,"flags_espucd
------------
            ",,,,,,,,,,,,,"flags_flame
-----------
           ",,,,,,0.19367832,0.21360281,0.17626885,1.2045224,1.218806,1.1795194,126.007225,134.27298,121.20521,4030.1917,4076.8347,3982.8943,3301.9036,3316.3445,3284.389,4.998754,5.0202355,4.9442754,4.5750866,4.580575,4.5676527,0.7916381,0.8038117,0.77858704,-233913.19,0.26126492,1.0112908,"flags_msc
---------
        1",,,,"flags_oa
--------
        "
1636148068921376768,5877085230427581056,1.0202781e-13,5.096238e-13,0.99999946,2.0026804e-12,5.423469e-07,0.0,0.0,0.99994576,0.0,5.4223317e-05,1.7750672e-24,4.0202354e-16,1.0,8398.293,8331.326,8410.515,3.1419,3.1324,3.1504,0.7206,0.7119,0.7359,3143.4219,3112.9417,3169.7322,5.3226,5.2971,5.3288,4.1523,4.1287,4.1571,5.4034,5.374,5.4097,3.0978,3.0828,3.1014,2.3055,2.2914,2.3084,-1.5054,-1.5129,-1.4613,8.0988,8.0216,8.1882,-3814.1028,0.31257054,"libname_gspphot
---------------
              A",,,,,,,,,,,,,,,,,,,,,,,,,,,,,,,,,,,,,,,,,,,,,,,,,,,,,,,,,,,,,,,,,,,,,,,,,,,,,,,,,,,,,,,,,,,"flags_gspspec
-------------
             ",,0.05528526,0.040248793,"ew_espels_halpha_flag
---------------------
                    0",0.430348,"classlabel_espels
-----------------
                 ","classlabel_espels_flag
----------------------
                      ",,,,,,,,,,,,,,,,,,,,"flags_esphs
-----------
         92","spectraltype_esphs
------------------
                 O",,,"activityindex_espcs_input
-------------------------
                         ",,,"flags_espucd
------------
            ",8.212848,8.046621,8.377239,303.3967,301.51184,303.88748,3.628885,3.5888846,3.7392974,0.21716927,0.2,0.238095,"flags_flame
-----------
         01",419,0.26451355,0.2639227,0.26507327,0.07464978,0.20039871,0.20543948,0.19691288,0.9999933,1.002747,0.99665904,242.42732,244.91328,240.28163,3711.7036,3736.9893,3689.8555,3299.4429,3305.5928,3291.8086,4.699546,4.7034655,4.6917353,4.6456423,4.6588745,4.628462,0.6446675,0.64785874,0.64236856,-23065.896,0.33243436,0.25529015,"flags_msc
---------
        1",,,,"flags_oa
--------
        "
1636148068921376768,5877084783750956160,1.0205769e-13,5.096893e-13,0.9999989,2.0027912e-12,1.1013638e-06,0.0,0.0,0.9998899,0.0,0.0001101175,2.3755921e-12,7.3298805e-13,1.0,9370.451,9253.869,9502.509,3.8677,3.8256,3.9024,-0.9696,-0.9981,-0.9174,2484.4475,2360.6035,2628.0242,6.2169,6.1981,6.238,4.7813,4.7629,4.8014,6.2782,6.2563,6.3022,3.5957,3.584,3.6083,2.6826,2.6724,2.6938,0.6916,0.5805,0.8108,2.6271,2.4941,2.7864,-1204.1833,0.41442007,"libname_gspphot
---------------
              A",,,,,,,,,,,,,,,,,,,,,,,,,,,,,,,,,,,,,,,,,,,,,,,,,,,,,,,,,,,,,,,,,,,,,,,,,,,,,,,,,,,,,,,,,,,"flags_gspspec
-------------
             ",,-0.00030779542,0.17003047,"ew_espels_halpha_flag
---------------------
                    0",0.468098,"classlabel_espels
-----------------
                 ","classlabel_espels_flag
----------------------
                      ",,,,,,,,,,,,,,,,,,,,"flags_esphs
-----------
         95","spectraltype_esphs
------------------
                 M",,,"activityindex_espcs_input
-------------------------
                         ",,,"flags_espucd
------------
            ",2.680846,2.5234187,2.847896,49.807766,45.88735,55.412964,2.4287078,2.366247,2.4983873,0.45450062,0.37646574,0.52760124,"flags_flame
-----------
         01",237,0.46078146,0.44024143,0.47828627,-0.19767962,0.10049346,0.13690042,0.08534442,1.6007446,1.6451012,1.5693961,598.3723,638.09827,558.7184,3675.5708,3704.4355,3640.0532,3073.2292,3796.8376,3000.0,4.7957644,4.8759017,4.7025523,4.67712,4.7751436,4.6171675,1.0092491,1.0370785,0.9895748,-1342.0782,0.33747017,0.48635226,"flags_msc
---------
        1",,,,"flags_oa
--------
        "
1636148068921376768,5877084680671725312,1.0206371e-13,5.097373e-13,0.9999973,2.0031043e-12,2.6802325e-06,0.0,0.0,0.999732,0.0,0.0002679497,1.4014512e-12,1.12430586e-13,1.0,,,,,,,,,,,,,,,,,,,,,,,,,,,,,,,,,,,,"libname_gspphot
---------------
               ",,,,,,,,,,,,,,,,,,,,,,,,,,,,,,,,,,,,,,,,,,,,,,,,,,,,,,,,,,,,,,,,,,,,,,,,,,,,,,,,,,,,,,,,,,,"flags_gspspec
-------------
             ",,,,"ew_espels_halpha_flag
---------------------
                     ",,"classlabel_espels
-----------------
                 ","classlabel_espels_flag
----------------------
                      ",,,,,,,,,,,,,,,,,,,,"flags_esphs
-----------
           ","spectraltype_esphs
------------------
                  ",,,"activityindex_espcs_input
-------------------------
                         ",,,"flags_espucd
------------
            ",,,,,,,,,,,,,"flags_flame
-----------
           ",,,,,,0.100303456,0.11358814,0.0925661,1.600446,1.6212242,1.5886621,666.20087,703.5898,615.6973,3668.2231,3705.8599,3640.1616,3116.1187,3648.2354,3000.0,4.797759,4.8214817,4.7425222,4.6734324,4.7806253,4.6251574,1.0078607,1.024637,0.9919617,-1484.9393,0.3810024,0.021368338,"flags_msc
---------
        1",,,,"flags_oa
--------
        "
1636148068921376768,5877084573261862144,1.0202781e-13,5.096238e-13,0.99999946,2.0026804e-12,5.423469e-07,0.0,0.0,0.99994576,0.0,5.4223317e-05,0.0,0.0,1.0,,,,,,,,,,,,,,,,,,,,,,,,,,,,,,,,,,,,"libname_gspphot
---------------
               ",,,,,,,,,,,,,,,,,,,,,,,,,,,,,,,,,,,,,,,,,,,,,,,,,,,,,,,,,,,,,,,,,,,,,,,,,,,,,,,,,,,,,,,,,,,"flags_gspspec
-------------
             ",,0.08377216,0.020744551,"ew_espels_halpha_flag
---------------------
                    0",0.357817,"classlabel_espels
-----------------
                 ","classlabel_espels_flag
----------------------
                      ",,,,,,,,,,,,,,,,,,,,"flags_esphs
-----------
         91","spectraltype_esphs
------------------
                 O",,,"activityindex_espcs_input
-------------------------
                         ",,,"flags_espucd
------------
            ",,,,,,,,,,,,,"flags_flame
-----------
           ",,,,,,0.2997545,0.3069315,0.29166734,2.7380075,3.1119957,2.534069,380.53125,411.3653,323.75818,4768.8486,4804.713,4730.758,3367.5667,3654.7932,3000.0,4.3001003,4.304716,4.296939,4.52207,4.524993,4.5165434,1.9469192,2.193301,1.8086185,-522194.34,0.27890214,0.79885304,"flags_msc
---------
        1",,,,"flags_oa
--------
        "
1636148068921376768,5877084027802312832,1.02876387e-13,5.7369626e-11,0.99999756,2.003069e-12,2.4887952e-06,0.0,1.1150175e-06,0.99974996,0.0,0.00024881493,8.1216096e-11,4.3481516e-12,1.0,4029.1165,3926.0967,4153.0684,4.3,4.2246,4.4209,-2.0904,-2.2291,-1.9498,697.2795,632.9194,743.5105,2.1263,1.9698,2.2951,1.4826,1.3656,1.6105,2.0267,1.8691,2.1955,1.211,1.1205,1.3096,0.8153,0.7484,0.8859,8.0037,7.837,8.3493,0.5087,0.4736,0.5409,-564.1179,0.4522884,"libname_gspphot
---------------
        PHOENIX",,,,,,,,,,,,,,,,,,,,,,,,,,,,,,,,,,,,,,,,,,,,,,,,,,,,,,,,,,,,,,,,,,,,,,,,,,,,,,,,,,,,,,,,,,,"flags_gspspec
-------------
             ",,,,"ew_espels_halpha_flag
---------------------
                     ",,"classlabel_espels
-----------------
                 ","classlabel_espels_flag
----------------------
                      ",,,,,,,,,,,,,,,,,,,,"flags_esphs
-----------
           ","spectraltype_esphs
------------------
                  ",,,"activityindex_espcs_input
-------------------------
                         ",,,"flags_espucd
------------
            ",,,,,,,,,,,,,"flags_flame
-----------
           ",,,,,,,,,,,,,,,,,,,,,,,,,,,,,,,,,"flags_msc
---------
         ",,,,"flags_oa
--------
        "
1636148068921376768,5877078736436521472,1.0202596e-13,5.0961454e-13,0.99999964,2.0026441e-12,3.5977226e-07,0.0,0.0,0.99996406,0.0,3.5966965e-05,0.0,0.0,1.0,7158.557,7135.0674,7268.5703,1.9165,1.9123,1.9413,-0.8841,-0.9144,-0.8085,8479.882,8341.184,8525.552,5.6742,5.6601,5.7129,4.2544,4.2427,4.2961,5.6666,5.6516,5.7152,3.2573,3.2493,3.2802,2.4095,2.4021,2.4347,-4.3824,-4.404,-4.3668,41.7863,40.6894,42.0127,-9308.842,0.22401254,"libname_gspphot
---------------
          MARCS",,,,,,,,,,,,,,,,,,,,,,,,,,,,,,,,,,,,,,,,,,,,,,,,,,,,,,,,,,,,,,,,,,,,,,,,,,,,,,,,,,,,,,,,,,,"flags_gspspec
-------------
             ",,0.21126759,0.02936196,"ew_espels_halpha_flag
---------------------
                    0",0.331474,"classlabel_espels
-----------------
                 ","classlabel_espels_flag
----------------------
                      ",,,,,,,,,,,,,,,,,,,,"flags_esphs
-----------
         91","spectraltype_esphs
------------------
                 O",,,"activityindex_espcs_input
-------------------------
                         ",,,"flags_espucd
------------
            ",,,,,,,,,,,,,"flags_flame
-----------
           ",,,,,,0.21872133,0.22013456,0.21732241,1.9998643,2.000713,1.9988701,166.32101,167.87177,164.34042,3599.0955,3606.1096,3593.1873,3128.225,3531.8823,3000.0,4.7000036,4.700185,4.6999083,4.7999277,4.8006525,4.7985926,1.2416897,1.2454078,1.2396929,-88963.92,0.35031027,0.51847243,"flags_msc
---------
        1",,,,"flags_oa
--------
        "
1636148068921376768,5877072104970679552,1.0293614e-13,5.0980737e-13,0.9999958,2.0034011e-12,4.1775065e-06,0.0,0.0,0.9995824,0.0,0.00041757978,8.5398244e-11,4.7463025e-15,1.0,,,,,,,,,,,,,,,,,,,,,,,,,,,,,,,,,,,,"libname_gspphot
---------------
               ",,,,,,,,,,,,,,,,,,,,,,,,,,,,,,,,,,,,,,,,,,,,,,,,,,,,,,,,,,,,,,,,,,,,,,,,,,,,,,,,,,,,,,,,,,,"flags_gspspec
-------------
             ",,,,"ew_espels_halpha_flag
---------------------
                     ",,"classlabel_espels
-----------------
                 ","classlabel_espels_flag
----------------------
                      ",,,,,,,,,,,,,,,,,,,,"flags_esphs
-----------
           ","spectraltype_esphs
------------------
                  ",,,"activityindex_espcs_input
-------------------------
                         ",,,"flags_espucd
------------
            ",,,,,,,,,,,,,"flags_flame
-----------
           ",,,,,,,,,,,,,,,,,,,,,,,,,,,,,,,,,"flags_msc
---------
         ",,,,"flags_oa
--------
        "
1636148068921376768,5877072070610931584,3.9106865e-10,7.384598e-11,0.9999873,2.0050949e-12,1.2682088e-05,2.3317466e-06,1.419052e-06,0.9987296,0.0,0.0012666396,1.5348249e-07,1.2758453e-10,0.9999998,,,,,,,,,,,,,,,,,,,,,,,,,,,,,,,,,,,,"libname_gspphot
---------------
               ",,,,,,,,,,,,,,,,,,,,,,,,,,,,,,,,,,,,,,,,,,,,,,,,,,,,,,,,,,,,,,,,,,,,,,,,,,,,,,,,,,,,,,,,,,,"flags_gspspec
-------------
             ",,,,"ew_espels_halpha_flag
---------------------
                     ",,"classlabel_espels
-----------------
                 ","classlabel_espels_flag
----------------------
                      ",,,,,,,,,,,,,,,,,,,,"flags_esphs
-----------
           ","spectraltype_esphs
------------------
                  ",,,"activityindex_espcs_input
-------------------------
                         ",,,"flags_espucd
------------
            ",,,,,,,,,,,,,"flags_flame
-----------
           ",,,,,,,,,,,,,,,,,,,,,,,,,,,,,,,,,"flags_msc
---------
         ",,,,"flags_oa
--------
        "
